element_id,station_id,element_name,certificate_number,manufacturer_name,passport_number,factory_number,date_last_metrological_control,check_interval,range_measurements,date_last_check,block_key_status,working_status,checking_date_start,checking_date_finish
101,1,Насос H-21,C-MA/17.01-2024/3094635724,АО Электро-стандарт,7000133318,87133,2024-01-15 10:00:00,2,0-50% 4КПРC6H14,2024-01-15,true,true,2024-01-10 9:00:00,2024-01-15 17:00:00
102,1,Клапан K-45,C-MA/18.02-2024/4094635725,АО Газпром-автоматика,7000133319,87134,2024-02-20 11:00:00,1,0-100% 2КПРC3H8,2024-02-20,false,true,2024-02-15 10:00:00,2024-02-20 16:00:00
103,1,Датчик Д-12,C-MA/19.03-2024/5094635726,ООО РосИзмеритель,7000133320,87135,2024-03-25 12:00:00,3,0-10% 1КПРC2H6,2024-03-25,true,false,2024-03-20 11:00:00,2024-03-25 15:00:00
201,2,Насос H-33,C-MB/20.04-2024/6094635727,АО Электро-стандарт,7000133321,87136,2024-04-10 13:00:00,2,0-60% 3КПРC5H12,2024-04-10,false,true,2024-04-05 12:00:00,2024-04-10 18:00:00
202,2,Термометр Т-7,C-MB/21.05-2024/7094635728,АО ТеплоКонтроль,7000133322,87137,2024-05-15 14:00:00,1,0-200°C,2024-05-15,true,true,2024-05-10 13:00:00,2024-05-15 19:00:00
203,2,Манометр М-9,C-MB/22.06-2024/8094635729,ООО МанометрСервис,7000133323,87138,2024-06-20 15:00:00,2,0-10 bar,2024-06-20,false,false,2024-06-15 14:00:00,2024-06-20 20:00:00
301,3,Компрессор К-60,C-MC/23.07-2024/9094635730,АО ВоздухТехника,7000133324,87139,2024-07-25 16:00:00,3,0-1000 kPa,2024-07-25,true,true,2024-07-20 15:00:00,2024-07-25 21:00:00
302,3,Фильтр Ф-3,C-MC/24.08-2024/10094635731,ООО ФильтрГаз,7000133325,87140,2024-08-30 17:00:00,1,0-5 мкм,2024-08-30,false,true,2024-08-25 16:00:00,2024-08-30 22:00:00
303,3,Реле Р-15,C-MC/25.09-2024/11094635732,АО ЭнергоКонтроль,7000133326,87141,2024-09-05 18:00:00,2,0-30A,2024-09-05,true,false,2024-09-01 17:00:00,2024-09-05 23:00:00
